{"\u4e2d\u56fd\u94f6\u884c_\u652f\u6491": 1781678782.989047, "\u4e2d\u56fd\u957f\u57ce_\u963b\u529b": 1781678782.989047, "\u56fd\u7535\u7535\u529b_\u652f\u6491": 1781679063.876905}